timeStamp,elapsed,label,responseCode,responseMessage,threadName,dataType,success,failureMessage,bytes,sentBytes,grpThreads,allThreads,URL,Latency,IdleTime,Connect
1629877782456,446,HTTP Request,200,OK,Thread Group 1-1,text,true,,27103,150,2,2,https://test.bestviewsreviews.com/no-queries-policies/,444,0,375
1629877782624,282,HTTP Request,200,OK,Thread Group 1-2,text,true,,27103,150,2,2,https://test.bestviewsreviews.com/no-queries-policies/,271,0,206
1629877782905,40,HTTP Request,200,OK,Thread Group 1-1,text,true,,27103,150,3,3,https://test.bestviewsreviews.com/no-queries-policies/,37,0,0
1629877782906,41,HTTP Request,200,OK,Thread Group 1-2,text,true,,27103,150,3,3,https://test.bestviewsreviews.com/no-queries-policies/,41,0,0
1629877782948,40,HTTP Request,200,OK,Thread Group 1-2,text,true,,27103,150,3,3,https://test.bestviewsreviews.com/no-queries-policies/,40,0,0
1629877782945,42,HTTP Request,200,OK,Thread Group 1-1,text,true,,27103,150,3,3,https://test.bestviewsreviews.com/no-queries-policies/,41,0,0
1629877782930,90,HTTP Request,200,OK,Thread Group 1-3,text,true,,27103,150,3,3,https://test.bestviewsreviews.com/no-queries-policies/,89,0,34
1629877782991,39,HTTP Request,200,OK,Thread Group 1-1,text,true,,27103,150,3,3,https://test.bestviewsreviews.com/no-queries-policies/,38,0,0
1629877782989,54,HTTP Request,200,OK,Thread Group 1-2,text,true,,27103,150,3,3,https://test.bestviewsreviews.com/no-queries-policies/,54,0,0
1629877783031,33,HTTP Request,200,OK,Thread Group 1-1,text,true,,27103,150,3,3,https://test.bestviewsreviews.com/no-queries-policies/,33,0,0
1629877783020,50,HTTP Request,200,OK,Thread Group 1-3,text,true,,27103,150,3,3,https://test.bestviewsreviews.com/no-queries-policies/,49,0,0
1629877783044,45,HTTP Request,200,OK,Thread Group 1-2,text,true,,27103,150,3,3,https://test.bestviewsreviews.com/no-queries-policies/,45,0,0
1629877783065,33,HTTP Request,200,OK,Thread Group 1-1,text,true,,27103,150,3,3,https://test.bestviewsreviews.com/no-queries-policies/,32,0,0
1629877783070,43,HTTP Request,200,OK,Thread Group 1-3,text,true,,27103,150,3,3,https://test.bestviewsreviews.com/no-queries-policies/,43,0,0
1629877783098,40,HTTP Request,200,OK,Thread Group 1-1,text,true,,27103,150,3,3,https://test.bestviewsreviews.com/no-queries-policies/,40,0,0
1629877783090,51,HTTP Request,200,OK,Thread Group 1-2,text,true,,27103,150,3,3,https://test.bestviewsreviews.com/no-queries-policies/,50,0,0
1629877783114,45,HTTP Request,200,OK,Thread Group 1-3,text,true,,27103,150,3,3,https://test.bestviewsreviews.com/no-queries-policies/,44,0,0
1629877783139,40,HTTP Request,200,OK,Thread Group 1-1,text,true,,27103,150,3,3,https://test.bestviewsreviews.com/no-queries-policies/,39,0,0
1629877783141,46,HTTP Request,200,OK,Thread Group 1-2,text,true,,27103,150,3,3,https://test.bestviewsreviews.com/no-queries-policies/,45,0,0
1629877783160,43,HTTP Request,200,OK,Thread Group 1-3,text,true,,27103,150,3,3,https://test.bestviewsreviews.com/no-queries-policies/,42,0,0
1629877783179,39,HTTP Request,200,OK,Thread Group 1-1,text,true,,27103,150,3,3,https://test.bestviewsreviews.com/no-queries-policies/,39,0,0
1629877783187,48,HTTP Request,200,OK,Thread Group 1-2,text,true,,27103,150,3,3,https://test.bestviewsreviews.com/no-queries-policies/,48,0,0
1629877783219,38,HTTP Request,200,OK,Thread Group 1-1,text,true,,27103,150,4,4,https://test.bestviewsreviews.com/no-queries-policies/,38,0,0
1629877783203,55,HTTP Request,200,OK,Thread Group 1-3,text,true,,27103,150,4,4,https://test.bestviewsreviews.com/no-queries-policies/,54,0,0
1629877783236,47,HTTP Request,200,OK,Thread Group 1-2,text,true,,27103,150,4,4,https://test.bestviewsreviews.com/no-queries-policies/,47,0,0
1629877783258,51,HTTP Request,200,OK,Thread Group 1-1,text,true,,27103,150,4,4,https://test.bestviewsreviews.com/no-queries-policies/,51,0,0
1629877783258,65,HTTP Request,200,OK,Thread Group 1-3,text,true,,27103,150,4,4,https://test.bestviewsreviews.com/no-queries-policies/,65,0,0
1629877783246,94,HTTP Request,200,OK,Thread Group 1-4,text,true,,27103,150,4,4,https://test.bestviewsreviews.com/no-queries-policies/,94,0,29
1629877783284,59,HTTP Request,200,OK,Thread Group 1-2,text,true,,27103,150,4,4,https://test.bestviewsreviews.com/no-queries-policies/,58,0,0
1629877783310,56,HTTP Request,200,OK,Thread Group 1-1,text,true,,27103,150,4,4,https://test.bestviewsreviews.com/no-queries-policies/,56,0,0
1629877783324,44,HTTP Request,200,OK,Thread Group 1-3,text,true,,27103,150,4,4,https://test.bestviewsreviews.com/no-queries-policies/,44,0,0
1629877783343,51,HTTP Request,200,OK,Thread Group 1-2,text,true,,27103,150,4,4,https://test.bestviewsreviews.com/no-queries-policies/,50,0,0
1629877783341,55,HTTP Request,200,OK,Thread Group 1-4,text,true,,27103,150,4,4,https://test.bestviewsreviews.com/no-queries-policies/,54,0,0
1629877783367,52,HTTP Request,200,OK,Thread Group 1-1,text,true,,27103,150,4,4,https://test.bestviewsreviews.com/no-queries-policies/,52,0,0
1629877783369,52,HTTP Request,200,OK,Thread Group 1-3,text,true,,27103,150,4,4,https://test.bestviewsreviews.com/no-queries-policies/,51,0,0
1629877783394,51,HTTP Request,200,OK,Thread Group 1-2,text,true,,27103,150,4,4,https://test.bestviewsreviews.com/no-queries-policies/,51,0,0
1629877783396,52,HTTP Request,200,OK,Thread Group 1-4,text,true,,27103,150,4,4,https://test.bestviewsreviews.com/no-queries-policies/,52,0,0
1629877783421,48,HTTP Request,200,OK,Thread Group 1-3,text,true,,27103,150,4,4,https://test.bestviewsreviews.com/no-queries-policies/,47,0,0
1629877783420,65,HTTP Request,200,OK,Thread Group 1-1,text,true,,27103,150,4,4,https://test.bestviewsreviews.com/no-queries-policies/,64,0,0
1629877783446,53,HTTP Request,200,OK,Thread Group 1-2,text,true,,27103,150,4,4,https://test.bestviewsreviews.com/no-queries-policies/,53,0,0
1629877783449,52,HTTP Request,200,OK,Thread Group 1-4,text,true,,27103,150,4,4,https://test.bestviewsreviews.com/no-queries-policies/,51,0,0
1629877783469,51,HTTP Request,200,OK,Thread Group 1-3,text,true,,27103,150,4,4,https://test.bestviewsreviews.com/no-queries-policies/,50,0,0
1629877783485,44,HTTP Request,200,OK,Thread Group 1-1,text,true,,27103,150,4,4,https://test.bestviewsreviews.com/no-queries-policies/,44,0,0
1629877783500,46,HTTP Request,200,OK,Thread Group 1-2,text,true,,27103,150,4,4,https://test.bestviewsreviews.com/no-queries-policies/,46,0,0
1629877783501,50,HTTP Request,200,OK,Thread Group 1-4,text,true,,27103,150,4,4,https://test.bestviewsreviews.com/no-queries-policies/,49,0,0
1629877783520,55,HTTP Request,200,OK,Thread Group 1-3,text,true,,27103,150,5,5,https://test.bestviewsreviews.com/no-queries-policies/,55,0,0
1629877783530,54,HTTP Request,200,OK,Thread Group 1-1,text,true,,27103,150,5,5,https://test.bestviewsreviews.com/no-queries-policies/,54,0,0
1629877783547,49,HTTP Request,200,OK,Thread Group 1-2,text,true,,27103,150,5,5,https://test.bestviewsreviews.com/no-queries-policies/,48,0,0
1629877783551,53,HTTP Request,200,OK,Thread Group 1-4,text,true,,27103,150,5,5,https://test.bestviewsreviews.com/no-queries-policies/,52,0,0
1629877783575,65,HTTP Request,200,OK,Thread Group 1-3,text,true,,27103,150,5,5,https://test.bestviewsreviews.com/no-queries-policies/,64,0,0
1629877783559,86,HTTP Request,200,OK,Thread Group 1-5,text,true,,27103,150,5,5,https://test.bestviewsreviews.com/no-queries-policies/,85,0,25
1629877783584,63,HTTP Request,200,OK,Thread Group 1-1,text,true,,27103,150,5,5,https://test.bestviewsreviews.com/no-queries-policies/,63,0,0
1629877783596,63,HTTP Request,200,OK,Thread Group 1-2,text,true,,27103,150,5,5,https://test.bestviewsreviews.com/no-queries-policies/,63,0,0
1629877783604,58,HTTP Request,200,OK,Thread Group 1-4,text,true,,27103,150,5,5,https://test.bestviewsreviews.com/no-queries-policies/,57,0,0
1629877783640,53,HTTP Request,200,OK,Thread Group 1-3,text,true,,27103,150,5,5,https://test.bestviewsreviews.com/no-queries-policies/,52,0,0
1629877783662,55,HTTP Request,200,OK,Thread Group 1-4,text,true,,27103,150,5,5,https://test.bestviewsreviews.com/no-queries-policies/,55,0,0
1629877783693,49,HTTP Request,200,OK,Thread Group 1-3,text,true,,27103,150,5,5,https://test.bestviewsreviews.com/no-queries-policies/,48,0,0
1629877783718,48,HTTP Request,200,OK,Thread Group 1-4,text,true,,27103,150,5,5,https://test.bestviewsreviews.com/no-queries-policies/,48,0,0
1629877783742,53,HTTP Request,200,OK,Thread Group 1-3,text,true,,27103,150,5,5,https://test.bestviewsreviews.com/no-queries-policies/,53,0,0
1629877783648,156,HTTP Request,200,OK,Thread Group 1-1,text,true,,27103,150,5,5,https://test.bestviewsreviews.com/no-queries-policies/,155,0,0
1629877783645,160,HTTP Request,200,OK,Thread Group 1-5,text,true,,27103,150,5,5,https://test.bestviewsreviews.com/no-queries-policies/,158,0,0
1629877783767,50,HTTP Request,200,OK,Thread Group 1-4,text,true,,27103,150,5,5,https://test.bestviewsreviews.com/no-queries-policies/,50,0,0
1629877783660,161,HTTP Request,200,OK,Thread Group 1-2,text,true,,27103,150,5,5,https://test.bestviewsreviews.com/no-queries-policies/,161,0,0
1629877783805,57,HTTP Request,200,OK,Thread Group 1-5,text,true,,27103,150,5,5,https://test.bestviewsreviews.com/no-queries-policies/,56,0,0
1629877783804,74,HTTP Request,200,OK,Thread Group 1-1,text,true,,27103,150,6,6,https://test.bestviewsreviews.com/no-queries-policies/,73,0,0
1629877783818,70,HTTP Request,200,OK,Thread Group 1-4,text,true,,27103,150,6,6,https://test.bestviewsreviews.com/no-queries-policies/,70,0,0
1629877783862,79,HTTP Request,200,OK,Thread Group 1-5,text,true,,27103,150,6,6,https://test.bestviewsreviews.com/no-queries-policies/,78,0,0
1629877783888,59,HTTP Request,200,OK,Thread Group 1-4,text,true,,27103,150,6,6,https://test.bestviewsreviews.com/no-queries-policies/,59,0,0
1629877783878,71,HTTP Request,200,OK,Thread Group 1-1,text,true,,27103,150,6,6,https://test.bestviewsreviews.com/no-queries-policies/,70,0,0
1629877783949,54,HTTP Request,200,OK,Thread Group 1-1,text,true,,27103,150,6,6,https://test.bestviewsreviews.com/no-queries-policies/,54,0,0
1629877783941,62,HTTP Request,200,OK,Thread Group 1-5,text,true,,27103,150,6,6,https://test.bestviewsreviews.com/no-queries-policies/,62,0,0
1629877783796,208,HTTP Request,200,OK,Thread Group 1-3,text,true,,27103,150,6,6,https://test.bestviewsreviews.com/no-queries-policies/,208,0,0
